card_key,card_name_in_data,archived_file
"PMCG1/91","ピッピにんぎょう","ptcg-ebay-tool-stray-images/2026-10-05/cards/PMCG/PMCG1/ピッピにんぎょう_PMCG1-091／102_R.png"
"PMCG1/82","ポケモン図鑑","ptcg-ebay-tool-stray-images/2026-10-05/cards/PMCG/PMCG1/ポケモン図鑑_PMCG1-082／102_U.png"
"PMCG5/91","レジスタンスジム","ptcg-ebay-tool-stray-images/2026-10-05/cards/PMCG/PMCG5/レジスタンスジム_PMCG5-91／96_R.png"
"PMCG5/74","慈善","ptcg-ebay-tool-stray-images/2026-10-05/cards/PMCG/PMCG5/慈善_PMCG5-74／96_R.png"
"PMCG6/93","ブレイン","ptcg-ebay-tool-stray-images/2026-10-05/cards/PMCG/PMCG6/ブレイン_PMCG6-93／98_R.png"
"SMB/11","N","ptcg-ebay-tool-stray-images/2026-10-05/cards/SM/SMB/N_SMB-11／18.jpg"
"SMB/15","うねりの大海","ptcg-ebay-tool-stray-images/2026-10-05/cards/SM/SMB/うねりの大海_SMB-15／18.jpg"
"SMB/7","はかせのてがみ","ptcg-ebay-tool-stray-images/2026-10-05/cards/SM/SMB/はかせのてがみ_SMB-07／18.jpg"
"SMB/17","ストロングエネルギー","ptcg-ebay-tool-stray-images/2026-10-05/cards/SM/SMB/ストロングエネルギー_SMB-17／18.jpg"
"SMB/8","バトルサーチャー","ptcg-ebay-tool-stray-images/2026-10-05/cards/SM/SMB/バトルサーチャー_SMB-08／18.jpg"
"SMB/9","ピーピーマックス","ptcg-ebay-tool-stray-images/2026-10-05/cards/SM/SMB/ピーピーマックス_SMB-09／18.jpg"
"SMB/12","フウロ","ptcg-ebay-tool-stray-images/2026-10-05/cards/SM/SMB/フウロ_SMB-12／18.jpg"
"SMB/14","フラダリ","ptcg-ebay-tool-stray-images/2026-10-05/cards/SM/SMB/フラダリ_SMB-14／18.jpg"
"SMB/13","プラターヌ博士","ptcg-ebay-tool-stray-images/2026-10-05/cards/SM/SMB/プラターヌ博士_SMB-13／18.jpg"
"SMB/18","ミステリーエネルギー","ptcg-ebay-tool-stray-images/2026-10-05/cards/SM/SMB/ミステリーエネルギー_SMB-18／18.jpg"
"SMB/16","巨大植物の森","ptcg-ebay-tool-stray-images/2026-10-05/cards/SM/SMB/巨大植物の森_SMB-16／18.jpg"
"SMB/10","闘魂のまわし","ptcg-ebay-tool-stray-images/2026-10-05/cards/SM/SMB/闘魂のまわし_SMB-10／18.jpg"
"SMF/16","N","ptcg-ebay-tool-stray-images/2026-10-05/cards/SM/SMF/N_SMF-16／20.jpg"
"SMF/20","ストロングエネルギー","ptcg-ebay-tool-stray-images/2026-10-05/cards/SM/SMF/ストロングエネルギー_SMF-20／20.jpg"
"SMF/13","バトルサーチャー","ptcg-ebay-tool-stray-images/2026-10-05/cards/SM/SMF/バトルサーチャー_SMF-13／20.jpg"
"SMF/14","ピーピーマックス","ptcg-ebay-tool-stray-images/2026-10-05/cards/SM/SMF/ピーピーマックス_SMF-14／20.jpg"
"SMF/17","フウロ","ptcg-ebay-tool-stray-images/2026-10-05/cards/SM/SMF/フウロ_SMF-17／20.jpg"
"SMF/19","フラダリ","ptcg-ebay-tool-stray-images/2026-10-05/cards/SM/SMF/フラダリ_SMF-19／20.jpg"
"SMF/18","プラターヌ博士","ptcg-ebay-tool-stray-images/2026-10-05/cards/SM/SMF/プラターヌ博士_SMF-18／20.jpg"
"SMF/15","闘魂のまわし","ptcg-ebay-tool-stray-images/2026-10-05/cards/SM/SMF/闘魂のまわし_SMF-15／20.jpg"
"SMG/26","N","ptcg-ebay-tool-stray-images/2026-10-05/cards/SM/SMG/N_SMG-26／41.jpg"
"SMG/37","うねりの大海","ptcg-ebay-tool-stray-images/2026-10-05/cards/SM/SMG/うねりの大海_SMG-37／41.jpg"
"SMG/22","かるいし","ptcg-ebay-tool-stray-images/2026-10-05/cards/SM/SMG/かるいし_SMG-22／41.jpg"
"SMG/30","こわいおねえさん","ptcg-ebay-tool-stray-images/2026-10-05/cards/SM/SMG/こわいおねえさん_SMG-30／41.jpg"
"SMG/14","すごいつりざお","ptcg-ebay-tool-stray-images/2026-10-05/cards/SM/SMG/すごいつりざお_SMG-14／41.jpg"
"SMG/18","はかせのてがみ","ptcg-ebay-tool-stray-images/2026-10-05/cards/SM/SMG/はかせのてがみ_SMG-18／41.jpg"
"SMG/25","アズサ","ptcg-ebay-tool-stray-images/2026-10-05/cards/SM/SMG/アズサ_SMG-25／41.jpg"
"SMG/27","オカルトマニア","ptcg-ebay-tool-stray-images/2026-10-05/cards/SM/SMG/オカルトマニア_SMG-27／41.jpg"
"SMG/28","クセロシキ","ptcg-ebay-tool-stray-images/2026-10-05/cards/SM/SMG/クセロシキ_SMG-28／41.jpg"
"SMG/29","コルニ","ptcg-ebay-tool-stray-images/2026-10-05/cards/SM/SMG/コルニ_SMG-29／41.jpg"
"SMG/40","スカイフィールド","ptcg-ebay-tool-stray-images/2026-10-05/cards/SM/SMG/スカイフィールド_SMG-40／41.jpg"
"SMG/15","スペシャルチャージ","ptcg-ebay-tool-stray-images/2026-10-05/cards/SM/SMG/スペシャルチャージ_SMG-15／41.jpg"
"SMG/31","センパイとコウハイ","ptcg-ebay-tool-stray-images/2026-10-05/cards/SM/SMG/センパイとコウハイ_SMG-31／41.jpg"
"SMG/16","ダイブボール","ptcg-ebay-tool-stray-images/2026-10-05/cards/SM/SMG/ダイブボール_SMG-16／41.jpg"
"SMG/41","ダブルドラゴンエネルギー","ptcg-ebay-tool-stray-images/2026-10-05/cards/SM/SMG/ダブルドラゴンエネルギー_SMG-41／41.jpg"
"SMG/17","トレーナーズポスト","ptcg-ebay-tool-stray-images/2026-10-05/cards/SM/SMG/トレーナーズポスト_SMG-17／41.jpg"
"SMG/32","ニンジャごっこ","ptcg-ebay-tool-stray-images/2026-10-05/cards/SM/SMG/ニンジャごっこ_SMG-32／41.jpg"
"SMG/19","バトルコンプレッサー（フレア団ギア）","ptcg-ebay-tool-stray-images/2026-10-05/cards/SM/SMG/バトルコンプレッサー（フレア団ギア）_SMG-19／41.jpg"
"SMG/20","バトルサーチャー","ptcg-ebay-tool-stray-images/2026-10-05/cards/SM/SMG/バトルサーチャー_SMG-20／41.jpg"
"SMG/21","ピーピーマックス","ptcg-ebay-tool-stray-images/2026-10-05/cards/SM/SMG/ピーピーマックス_SMG-21／41.jpg"
"SMG/33","フウロ","ptcg-ebay-tool-stray-images/2026-10-05/cards/SM/SMG/フウロ_SMG-33／41.jpg"
"SMG/34","プラターヌ博士","ptcg-ebay-tool-stray-images/2026-10-05/cards/SM/SMG/プラターヌ博士_SMG-34／41.jpg"
"SMG/35","ポケモンレンジャー","ptcg-ebay-tool-stray-images/2026-10-05/cards/SM/SMG/ポケモンレンジャー_SMG-35／41.jpg"
"SMG/36","ミツル","ptcg-ebay-tool-stray-images/2026-10-05/cards/SM/SMG/ミツル_SMG-36／41.jpg"
"SMG/38","巨大植物の森","ptcg-ebay-tool-stray-images/2026-10-05/cards/SM/SMG/巨大植物の森_SMG-38／41.jpg"
"SMG/39","次元の谷","ptcg-ebay-tool-stray-images/2026-10-05/cards/SM/SMG/次元の谷_SMG-39／41.jpg"
"SMG/13","活力剤","ptcg-ebay-tool-stray-images/2026-10-05/cards/SM/SMG/活力剤_SMG-13／41.jpg"
"SMG/23","炸裂バルーン","ptcg-ebay-tool-stray-images/2026-10-05/cards/SM/SMG/炸裂バルーン_SMG-23／41.jpg"
"SMG/24","闘魂のまわし","ptcg-ebay-tool-stray-images/2026-10-05/cards/SM/SMG/闘魂のまわし_SMG-24／41.jpg"
"SVD/139","基本草エネルギー","ptcg-ebay-tool-stray-images/2026-10-05/cards/SV/SVD/基本草エネルギー_SVD-139／139.jpg"
"SVF/38","基本草エネルギー","ptcg-ebay-tool-stray-images/2026-10-05/cards/SV/SVF/基本草エネルギー_SVF-38／38.jpg"