card_id	ja	image_is_pcg_search	image_card_name	shared_with_other_row
PMCG1-019	ウィンディ	PMCG1-019	ガーディ	yes
PMCG1-070	エネルギー・リムーブ	PMCG1-070	いいきずぐすり	
PMCG1-071	きずぐすり	PMCG1-071	エネルギー回収	
PMCG1-072	突風	PMCG1-072	エネルギー・リムーブ	
PMCG1-073	ポケモンいれかえ	PMCG1-073	オーキドはかせ	
PMCG1-074	マサキ	PMCG1-074	きずぐすり	
PMCG1-075	いいきずぐすり	PMCG1-075	元気のかけら	
PMCG1-076	エネルギー回収	PMCG1-076	退化スプレー	
PMCG1-077	オーキドはかせ	PMCG1-077	ダウジングマシーン	
PMCG1-078	元気のかけら	PMCG1-078	超エネルギーリムーブ	
PMCG1-080	なんでもなおし	PMCG1-080	突風	
PMCG1-084	ポケモンの笛	PMCG1-084	ピッピ人形	
PMCG1-086	退化スプレー	PMCG1-086	ポケモンいれかえ	
PMCG1-087	ダウジングマシーン	PMCG1-087	ポケモン回収	
PMCG1-088	超エネルギーリムーブ	PMCG1-088	ポケモン交換おじさん	
PMCG1-089	にせオーキドはかせ	PMCG1-089	ポケモン図鑑HANDY505	
PMCG1-090	パソコン通信	PMCG1-090	ポケモンセンター	yes
PMCG1-092	ポケモン回収	PMCG1-092	ポケモンの笛	
PMCG1-093	ポケモン交換おじさん	PMCG1-093	マサキ	
PMCG1-094	ポケモン育て屋さん	PMCG1-094	ミニスカート	
PMCG1-095	ミニスカート	PMCG1-095	メンテナンス	yes
PMCG3-048	フジろうじん	PMCG3-048	リサイクル	yes
PMCG4-002	ズバット	PMCG4-002	わるいアーボック	
PMCG4-003	ナゾノクサ	PMCG4-003	ズバット	
PMCG4-004	ベトベター	PMCG4-004	わるいゴルバット	
PMCG4-005	ドガース	PMCG4-005	ナゾノクサ	
PMCG4-007	わるいベトベトン	PMCG4-007	わるいラフレシア	
PMCG4-008	わるいアーボック	PMCG4-008	ベトベター	
PMCG4-009	わるいゴルバット	PMCG4-009	わるいベトベトン	
PMCG4-010	わるいラフレシア	PMCG4-010	ドガース	
PMCG4-013	ポニータ	PMCG4-013	わるいリザード	
PMCG4-014	わるいギャロップ	PMCG4-014	わるいリザードン	
PMCG4-015	わるいリザード	PMCG4-015	ポニータ	
PMCG4-016	わるいブースター	PMCG4-016	わるいギャロップ	
PMCG4-017	わるいリザードン	PMCG4-017	わるいブースター	
PMCG4-019	コダック	PMCG4-019	わるいカメール	
PMCG4-020	コイキング	PMCG4-020	わるいカメックス	
PMCG4-021	わるいカメール	PMCG4-021	コダック	
PMCG4-023	わるいシャワーズ	PMCG4-023	コイキング	
PMCG4-024	わるいカメックス	PMCG4-024	わるいギャラドス	
PMCG4-025	わるいギャラドス	PMCG4-025	わるいシャワーズ	
PMCG4-027	ビリリダマ	PMCG4-027	わるいレアコイル	
PMCG4-028	わるいマルマイン	PMCG4-028	ビリリダマ	
PMCG4-029	わるいサンダース	PMCG4-029	わるいマルマイン	
PMCG4-030	わるいレアコイル	PMCG4-030	わるいサンダース	
PMCG4-032	ヤドン	PMCG4-032	わるいユンゲラー	
PMCG4-033	スリープ	PMCG4-033	わるいフーディン	
PMCG4-034	わるいユンゲラー	PMCG4-034	ヤドン	
PMCG4-035	わるいフーディン	PMCG4-035	わるいヤドラン	
PMCG4-036	わるいヤドラン	PMCG4-036	スリープ	
PMCG4-039	マンキー	PMCG4-039	わるいダグトリオ	
PMCG4-040	ワンリキー	PMCG4-040	マンキー	
PMCG4-042	わるいゴーリキー	PMCG4-042	ワンリキー	
PMCG4-043	わるいダグトリオ	PMCG4-043	わるいゴーリキー	
PMCG4-054	ねむれ!ねむれ!	PMCG4-054	たたきつけろ! 挑戦状	
PMCG4-055	バトル場は穴だらけ!	PMCG4-055	にせオーキドの逆襲	
PMCG4-056	まきちらせ!ベトベトガス	PMCG4-056	ねむれ! ねむれ!	
PMCG4-057	夜の廃品回収	PMCG4-057	バトル場は穴だらけ!	
PMCG4-058	たたきつけろ!挑戦状	PMCG4-058	ボスのやりかた	
PMCG4-059	にせオーキドの逆襲	PMCG4-059	まきちらせ! ベトベトガス	
PMCG4-060	ボスのやりかた	PMCG4-060	夜の廃品回収	
PMCG4-062	ロケット団参上!	PMCG4-062	きずぐすり配合エネルギー	
PMCG4-063	きずぐすり配合エネルギー	PMCG4-063	なんでもなおし配合エネルギー	
PMCG4-064	なんでもなおし配合エネルギー	PMCG4-064	レインボーエネルギー	
PMCG4-065	レインボーエネルギー	PMCG4-065	ロケット団参上!	
PMCG5-082	礼儀作法	PMCG5-087	お上品攻撃	
PMCG5-088	マチスの秘策	PMCG5-080	スパイ作戦	
PMCG5-093	抵抗力低下ジム	PMCG5-082	マチスの秘策	
PMCG6-085	カツラ	PMCG6-089	グレンタウンジム	
PMCG6-087	カツラのギャンブル	PMCG6-075	ナツメのESP	
