id	ja	rarity	rule	bpName	bpType	illustrator	illSrc	tcgdexIds	status	note	en
SMP2-001	フシギダネ	C	Bulbasaur	Bulbasaur	Grass				入れる	規則と Bulbapedia が一致	Bulbasaur
SMP2-002	フシギダネ	C	Bulbasaur	Bulbasaur	Grass				入れる	規則と Bulbapedia が一致	Bulbasaur
SMP2-003	ルンパッパ	U	Ludicolo	Ludicolo	Grass				入れる	規則と Bulbapedia が一致	Ludicolo
SMP2-004	ネマシュ	C	Morelull	Morelull	Grass				入れる	規則と Bulbapedia が一致	Morelull
SMP2-005	ヒトカゲ	C	Charmander	Charmander	Fire				入れる	規則と Bulbapedia が一致	Charmander
SMP2-006	リザードン	U	Charizard	Charizard	Fire				入れる	規則と Bulbapedia が一致	Charizard
SMP2-007	リザードンGX	RR	Charizard-GX	Charizard-GX	Fire				入れる	規則と Bulbapedia が一致	Charizard-GX
SMP2-008	ウインディ	C	Arcanine	Arcanine	Fire				入れる	規則と Bulbapedia が一致	Arcanine
SMP2-009	コダック	C	Psyduck	Psyduck	Water				入れる	規則と Bulbapedia が一致	Psyduck
SMP2-010	コダック	C	Psyduck	Psyduck	Water				入れる	規則と Bulbapedia が一致	Psyduck
SMP2-011	コイキング	C	Magikarp	Magikarp	Water				入れる	規則と Bulbapedia が一致	Magikarp
SMP2-012	ゲッコウガ	U	Greninja	Greninja	Water				入れる	規則と Bulbapedia が一致	Greninja
SMP2-013	ゲッコウガGX	RR	Greninja-GX	Greninja-GX	Water				入れる	規則と Bulbapedia が一致	Greninja-GX
SMP2-014	名探偵ピカチュウ	U		Detective Pikachu	Lightning	MPC Film	公式details.php	det1-10 smp-SM194	入れる	規則で作れないが TCGdex 英語版で同じ名前・イラストレーターを確認	Detective Pikachu
SMP2-015	バリヤード	C	Mr. Mime	Mr. Mime	Psychic				入れる	規則と Bulbapedia が一致	Mr. Mime
SMP2-016	ミュウツー	U	Mewtwo	Mewtwo	Psychic				入れる	規則と Bulbapedia が一致	Mewtwo
SMP2-017	ミュウツーGX	RR	Mewtwo-GX	Mewtwo-GX	Psychic				入れる	規則と Bulbapedia が一致	Mewtwo-GX
SMP2-018	カイリキー	C	Machamp	Machamp	Fighting				入れる	規則と Bulbapedia が一致	Machamp
SMP2-019	プリン	C	Jigglypuff	Jigglypuff	Fairy				入れる	規則と Bulbapedia が一致	Jigglypuff
SMP2-020	ブルー	C	Snubbull	Snubbull	Fairy				入れる	規則と Bulbapedia が一致	Snubbull
SMP2-021	ブルー	C	Snubbull	Snubbull	Fairy				入れる	規則と Bulbapedia が一致	Snubbull
SMP2-022	ベロリンガ	C	Lickitung	Lickitung	Colorless				入れる	規則と Bulbapedia が一致	Lickitung
SMP2-023	メタモン	U	Ditto	Ditto	Colorless				入れる	規則と Bulbapedia が一致	Ditto
SMP2-024	ケッキング	C	Slaking	Slaking	Colorless				入れる	規則と Bulbapedia が一致	Slaking
