id	ja	kind	illustrator	bpName	bpType	rule	tcgdexIds	status	note	en
L-P-X26199	幻影のゾロア（デザインコンテスト 入賞者プレゼント）	Pokemon	2010 Pikachu Project	Illusion's Zorua	Darkness			空欄	規則で作れない・英語版に同じ名前のポケモンが無い	
L-P-X26201	幻影のゾロア（デザインコンテスト 最優秀賞 幼稚園）	Pokemon	Megu Taniguchi	Illusion's Zorua	Darkness			空欄	規則で作れない・英語版に同じ名前のポケモンが無い	
L-P-X26202	幻影のゾロア（デザインコンテスト 最優秀賞 小学一年生）	Pokemon	Mayumi Fujimura	Illusion's Zorua	Darkness			空欄	規則で作れない・英語版に同じ名前のポケモンが無い	
L-P-X26203	幻影のゾロア（デザインコンテスト 最優秀賞 小学二年生）	Pokemon	Kousuke Mori	Illusion's Zorua	Darkness			空欄	規則で作れない・英語版に同じ名前のポケモンが無い	
L-P-X26206	幻影のゾロア（デザインコンテスト 最優秀賞 てれびくん）	Pokemon	Yuta Koike	Illusion's Zorua	Darkness			空欄	規則で作れない・英語版に同じ名前のポケモンが無い	
L-P-X26208	幻影のゾロア（デザインコンテスト 最優秀賞 ぷっちぐみ）	Pokemon	Miho Sugano	Illusion's Zorua	Darkness			空欄	規則で作れない・英語版に同じ名前のポケモンが無い	
L-P-X26209	幻影のゾロア（デザインコンテスト 最優秀賞 ポケモンファン）	Pokemon	Izumi Sakaga	Illusion's Zorua	Darkness			空欄	規則で作れない・英語版に同じ名前のポケモンが無い	
L-P-X26200	幻影のゾロアーク（デザインコンテスト 入賞者プレゼント）	Pokemon	2010 Pikachu Project	Illusion's Zoroark	Darkness			空欄	規則で作れない・英語版に同じ名前のポケモンが無い	
L-P-X26204	幻影のゾロアーク（デザインコンテスト 最優秀賞 小学三年生）	Pokemon	Ryusuke Mori	Illusion's Zoroark	Darkness			空欄	規則で作れない・英語版に同じ名前のポケモンが無い	
L-P-X26205	幻影のゾロアーク（デザインコンテスト 最優秀賞 小学四年生）	Pokemon	Kozue Omi	Illusion's Zoroark	Darkness			空欄	規則で作れない・英語版に同じ名前のポケモンが無い	
L-P-X26207	幻影のゾロアーク（デザインコンテスト 最優秀賞 コロコロ）	Pokemon	Kouhei Yoshihisa	Illusion's Zoroark	Darkness			空欄	規則で作れない・英語版に同じ名前のポケモンが無い	
L-P-X26210	幻影のゾロアーク（デザインコンテスト 最優秀賞 コロコロイチバン）	Pokemon	Kazuki Yamane	Illusion's Zoroark	Darkness			空欄	規則で作れない・英語版に同じ名前のポケモンが無い	
L-P-X26211	トロピカルタイダルウェーブ（ポケモンワールドチャンピオンシップス2010 参加記念カード）	Item	Sumiyoshi Kizuki	Tropical Tidal Wave	Item			空欄	英語版の同じ名前のカードとイラストレーターが違う	
